{
  "HN1": {
    "Low": {
      "control_turnout": 1.0,
      "treatment_turnout": 1.0,
      "effect": 0.0,
      "n": 3
    },
    "High": {
      "control_turnout": 0.9995998399359743,
      "treatment_turnout": 0.9995999199839968,
      "effect": 8.004802243277709e-08,
      "n": 9997
    }
  },
  "HN2": {
    "control": {
      "turnout": 0.9996999699969997
    },
    "social_norm": {
      "turnout": 1.0,
      "effect": 0.0003000300030002734
    },
    "competitiveness": {
      "turnout": 1.0,
      "effect": 0.0003000300030002734
    },
    "winner": "social_norm"
  },
  "HN3": {
    "Low": {
      "control_turnout": 1.0,
      "treatment_turnout": 1.0,
      "effect": 0.0,
      "n": 3
    },
    "High": {
      "control_turnout": 1.0,
      "treatment_turnout": 1.0,
      "effect": 0.0,
      "n": 9997
    }
  },
  "HN6": {
    "Low": {
      "control_turnout": 1.0,
      "treatment_turnout": 1.0,
      "effect": 0.0,
      "n": 3
    },
    "High": {
      "control_turnout": 0.9997999199679872,
      "treatment_turnout": 1.0,
      "effect": 0.0002000800320127727,
      "n": 9997
    }
  }
}